Type,Name,Request Count,Failure Count,Median Response Time,Average Response Time,Min Response Time,Max Response Time,Average Content Size,Requests/s,Failures/s,50%,66%,75%,80%,90%,95%,98%,99%,99.9%,99.99%,100%
GET,Health Check,12,1,200.0,790.5719249999189,78.99599999655038,2542.5784999970347,106.33333333333333,2.1998913246435006,0.18332427705362506,460,640,1700,1700,2500,2500,2500,2500,2500,2500,2500
GET,Homepage,7,0,390.0,841.914585714611,136.96730000083335,2522.447399998782,116.0,1.2832699393753755,0.0,390,580,1800,1800,2500,2500,2500,2500,2500,2500,2500
POST,Login Student,4,4,2513.897299999371,2516.9022000045516,2513.897299999371,2518.576700007543,0.0,0.7332971082145002,0.7332971082145002,2500,2500,2500,2500,2500,2500,2500,2500,2500,2500,2500
POST,Login Teacher,7,7,2516.560300005949,2521.4725285747722,2516.560300005949,2524.085800003377,0.0,1.2832699393753755,1.2832699393753755,2500,2500,2500,2500,2500,2500,2500,2500,2500,2500,2500
,Aggregated,30,12,1700.0,1436.6060566680972,78.99599999655038,2542.5784999970347,69.6,5.499728311608752,2.1998913246435006,1800,2500,2500,2500,2500,2500,2500,2500,2500,2500,2500
